{
  "PrimitiveCollidersData": [
    {
      "Type": 1,
      "Center": [
        -0.0499999672,
        -0.100000143,
        2.55000019
      ],
      "Size": [
        3.1,
        3.4,
        7.89999962
      ],
      "AffectingCenterOfMass": true
    }
  ],
  "MeshCollidersData": []
}