{
  "PrimitiveCollidersData": [
    {
      "Type": 1,
      "Center": [
        -0.3000002,
        1.4000001,
        1.4000001
      ],
      "Size": [
        4.59999943,
        3.19999981,
        9.000001
      ],
      "AffectingCenterOfMass": true
    },
    {
      "Type": 1,
      "Center": [
        0.235116243,
        1.4,
        -3.09392047
      ],
      "Size": [
        3.63483238,
        3.2,
        3.612153
      ],
      "AffectingCenterOfMass": true
    }
  ],
  "MeshCollidersData": []
}